"Product ID [Non Editable]","Variant ID [Non Editable]","Product Type [Non Editable]","Product Page","Product URL","Title","Description","SKU","GTIN","MPN","Option Name 1","Option Value 1","Option Name 2","Option Value 2","Option Name 3","Option Value 3","Option Name 4","Option Value 4","Option Name 5","Option Value 5","Option Name 6","Option Value 6","Price","Sale Price","On Sale","Stock","Categories","Tags","Weight","Length","Width","Height","Visible","Hosted Image URLs"
"688c30215e392857da7a1863","273f55cb-2a59-44c8-91f4-5a7b94659fc8","PHYSICAL","shop","1zhw2o243y124yydvayxku0q8c4t96","textured citrine sz 6","<p class="""">genuine citrine in princess cut, manually set with added texture.</p>","SQ7870504","","","","","","","","","","","","","","","110.00","0.00","No","0","","","1.0","9.0","5.0","2.0","Yes","https://images.squarespace-cdn.com/content/v1/686343550b484e68bb6fa9e8/121cc6ba-3c20-422b-9ea0-1a9544a711da/7BB5DFB5-165A-48F3-A428-1ABE8B24E48D.jpg https://images.squarespace-cdn.com/content/v1/686343550b484e68bb6fa9e8/ed711f78-55b3-4970-9d29-25c8b0ab9c41/34F43BDF-C8B4-4712-B345-BAEC26AE83E9.jpg https://images.squarespace-cdn.com/content/v1/686343550b484e68bb6fa9e8/4c5e7ce1-78cf-487c-98e3-5528845a1d5f/DA63A15C-EB0E-4219-B41A-B32201631324.jpg https://images.squarespace-cdn.com/content/v1/686343550b484e68bb6fa9e8/89d5b53a-87ef-4464-bffe-448d77a2501e/83505A03-2A9B-47AC-8058-22D7A6EDDF6F.jpg"
"68b890e9f5b31a6537941520","6341b712-4086-41ee-9710-0dbf4cbfa52a","PHYSICAL","shop","7tuvix3lwe4hixbfdwbfm4az1s7awq","opal shark sz 10","<p style=""white-space:pre-wrap;"" data-rte-preserve-empty=""true"">authentic fossilized shark tooth + australian opal doublet. my original design made from wax. tiny chip on top of shark tooth.</p><p style=""white-space:pre-wrap;"" data-rte-preserve-empty=""true"">*this statement ring includes a real shark tooth fossil as well as a doublet Opal – both very fragile. It is not recommended to wear this ring whilst doing any kind of physical labour / exercise where it could be at risk of getting damaged</p>","SQ7847580","","","","","","","","","","","","","","","300.00","280.00","No","Unlimited","","","0.0","0.0","0.0","0.0","Yes","https://images.squarespace-cdn.com/content/v1/686343550b484e68bb6fa9e8/1756926217663-PMUJ41XNHN2XJD9EXM3D/6651EEFC-4B79-45AF-8CD3-918EDF144146.jpeg https://images.squarespace-cdn.com/content/v1/686343550b484e68bb6fa9e8/1756926222621-EBO452M7D8033W5SL4IG/005693CF-626B-41A4-A54C-E4152BD12FCE.jpeg https://images.squarespace-cdn.com/content/v1/686343550b484e68bb6fa9e8/1756926220016-98LZDW22MJQS8HODZMZA/5465A219-2FA8-43D1-96E7-3C9BFB78D426.jpeg https://images.squarespace-cdn.com/content/v1/686343550b484e68bb6fa9e8/1756926222684-KL600OHPBUZ6QBHF570X/816D7A9C-E614-40D2-838F-542C120D9D12.jpeg https://images.squarespace-cdn.com/content/v1/686343550b484e68bb6fa9e8/1756926223366-BMRGN1GQ2DDQMU63WRUD/CD58D4A7-F97D-406A-AFC5-AE3A65289AA5.jpeg"
"6895207b6f6e084af580ee54","2f23d1a6-6ada-4278-9a17-6f07b9baeaa6","PHYSICAL","shop","8w3mik8nwvjtmzqd76z54feb98u52l","jelly bean opal ring sz 7.25","<p class="""">simple and rather dainty Australian opal doublet ring sitting pretty in its sterling silver home!</p>","SQ6777954","","","","","","","","","","","","","","","150.00","136.00","No","0","","","2.0","9.0","5.0","2.0","Yes","https://images.squarespace-cdn.com/content/v1/686343550b484e68bb6fa9e8/1754603696746-YBWPK8870JYQ3VE4GJZU/C13D4F01-4C5B-4E7A-9B0E-CBA5EF5628ED.jpeg https://images.squarespace-cdn.com/content/v1/686343550b484e68bb6fa9e8/1754603688205-NOH8SA201GKMRZXXF2MK/BA4017C0-33EC-434F-982D-0625789F9260.jpeg https://images.squarespace-cdn.com/content/v1/686343550b484e68bb6fa9e8/1754603690123-USBD50KJ75RGH1OFQD95/1C4DAFDE-5101-46E0-AAB3-0925A1BBFA2A.jpeg https://images.squarespace-cdn.com/content/v1/686343550b484e68bb6fa9e8/1754603695926-HZSQDI3FB6FX33VSC48J/FE337BFC-744F-4F01-ABF4-5BEB761FE92A.jpeg https://images.squarespace-cdn.com/content/v1/686343550b484e68bb6fa9e8/1754603695749-XWXSSVIECXA4RWVSC4RU/1FB7FCD4-1524-401B-8E38-7757455FF9CB.jpeg"
"688c308a7b96d70faf0c3a65","157575dd-938e-4604-b3dc-6251a8ce9ed0","PHYSICAL","shop","ofkqtolf9xssc47mxb3ywtstqgv9q4","one of a kind | leap ring sz 10","<p data-rte-preserve-empty=""true"" style=""white-space: pre-wrap;"">‘take the leap’ rabbit ring, hand carved and etched.</p>","SQ5702451","","","Size","10","","","","","","","","","","","280.00","2.30","No","1","","","0.0","0.0","0.0","0.0","Yes","https://images.squarespace-cdn.com/content/v1/686343550b484e68bb6fa9e8/ed1224e7-5325-40fd-b7de-c1f339973f4e/F2EDA3C0-DF2B-45C3-9E9A-D2DB5CB56693.jpg https://images.squarespace-cdn.com/content/v1/686343550b484e68bb6fa9e8/1754018182863-XC5R49LWZ9MKZEJP3W82/EDE40196-7D70-4A37-8CEC-67EA5639D5C3.jpeg https://images.squarespace-cdn.com/content/v1/686343550b484e68bb6fa9e8/1754018197461-CLLJ0JTHU4HB8MXWV3RN/8AB21FF9-8F00-4969-A07C-2F48C2F6A7A6.jpeg https://images.squarespace-cdn.com/content/v1/686343550b484e68bb6fa9e8/d7a7122f-7f7b-45bb-aa81-312b907c3052/9CFA8650-4F75-4E2A-9623-E9C3FC0B6EAA.jpg"
"68b8921281cdb105e8e8fd8b","31a693c3-6bfa-4111-807d-655ba99c41f0","PHYSICAL","shop","p0om2oddwmey43nrqa6ffzurff69av","traveling stones adjustable sz 8-9.5*","<p>raw, natural australian sapphires cast in place with flush set 2mm green cubic zirconia. rustic, edgy look.</p><p>*2 sapphires have small cracks</p>","SQ8916444","","","","","","","","","","","","","","","220.00","190.00","Yes","Unlimited","","","0.0","0.0","0.0","0.0","No","https://images.squarespace-cdn.com/content/v1/686343550b484e68bb6fa9e8/1756926819358-FIF4E6MWVF76WKJ17CXR/F541B0CD-83AF-4CF2-97CD-B8DCC1665155.jpeg https://images.squarespace-cdn.com/content/v1/686343550b484e68bb6fa9e8/1756926817757-HA8WJD8SCMPELQAEF1VN/D6D0366F-C509-44E9-8D78-C54F88349A02.jpeg https://images.squarespace-cdn.com/content/v1/686343550b484e68bb6fa9e8/1756926819262-TU511EYIGXNZNB1IDB8S/29AAF251-7BF0-470E-890A-CB5E0A302E94.jpeg https://images.squarespace-cdn.com/content/v1/686343550b484e68bb6fa9e8/1756926819931-K4B6634KB8EXACY2SW2J/0EAE45C8-F9A3-4147-A8D6-51272E695EC6.jpeg https://images.squarespace-cdn.com/content/v1/686343550b484e68bb6fa9e8/1756926817308-DSAARDQWUGJ1SLT0OHH2/74E2F2F2-16A9-4102-A745-B868C2FBF305.jpeg"
"686343ad02ad0d132675feb5","8a7ccc4f-4a56-4a61-ad54-bd1e0529edb1","PHYSICAL","shop","product-1-ydar7-e8mlb-r2y28-fyje9","ruby shark sz 4.75","<p class="""">fossilized shark tooth and genuine ruby cast in place, 925 silver. could be sized up to 5!</p>","SQ2467663","","","","","","","","","","","","","","","200.00","153.00","No","Unlimited","","","1.0","9.0","5.0","2.0","Yes","https://images.squarespace-cdn.com/content/v1/686343550b484e68bb6fa9e8/57a46a61-21ff-45bb-9f24-45412a0612cc/IMG_4447.jpg https://images.squarespace-cdn.com/content/v1/686343550b484e68bb6fa9e8/20ab6802-09a7-4bea-9cf2-639a693340b4/IMG_4393.jpg https://images.squarespace-cdn.com/content/v1/686343550b484e68bb6fa9e8/3b15957e-9e40-4b60-bb60-c99fb741c9af/IMG_4405.jpg https://images.squarespace-cdn.com/content/v1/686343550b484e68bb6fa9e8/e5a71d10-771a-4248-b262-bf375dea9bc1/IMG_4446.jpg"
"686343ad02ad0d132675feb0","e574f514-4e82-451b-9632-ece4ad7871f7","PHYSICAL","shop","product-2-5c6mb-j8mng-zyt72-7p2zw","ruby tiger sz 9.5","<p><span style=""color: rgb(0, 0, 0)"">claw set red tigers eye cabochon, cast in place 2mm cubic zirconia.&nbsp;</span></p>","SQ3740751","","","","","","","","","","","","","","","245.00","215.00","Yes","Unlimited","","","1.0","9.0","5.0","2.0","Yes","https://images.squarespace-cdn.com/content/v1/686343550b484e68bb6fa9e8/1754017724764-47ZD5UWLXBT8PWQF55RA/E042C420-29C4-4685-B3FB-7BA8A8F70475.jpeg https://images.squarespace-cdn.com/content/v1/686343550b484e68bb6fa9e8/1754017728927-U9909CIBCRMSF8G3XO1N/301419EE-4BE0-43D1-911A-5F552D4C7DFB.jpeg https://images.squarespace-cdn.com/content/v1/686343550b484e68bb6fa9e8/1754017725271-897NCWFMZPO5S8JGSRO5/E9DC6865-A568-4875-B505-41DB51BCE3D6.jpeg https://images.squarespace-cdn.com/content/v1/686343550b484e68bb6fa9e8/1754017728467-OGQNQMMMBY7T3F2VR1X1/8722B87B-291B-41ED-9C35-88AC0C55657D.jpeg https://images.squarespace-cdn.com/content/v1/686343550b484e68bb6fa9e8/1754017728790-HPCX5BPQZKQHOPYFKOGK/1AAED3C7-A2AC-417F-931C-719B04E785B2.jpeg"
"686343ad02ad0d132675fec8","4dda1d72-821f-4c09-8f92-42030122f2f3","PHYSICAL","shop","product-3-szb2y-gzh2r-3ly82-s7ghx","bolder bird | MADE TO ORDER*","<p>‘bolder bird’ is a brand ring with flower marks on either side of the band, impressed using antique cutlery. ‘B’ inscribed on inside of band.</p><p>*horizontally flipped version</p>","SQ1995219","","","Size","7","","","","","","","","","","","290.00","0.00","No","Unlimited","","","0.0","0.0","0.0","0.0","Yes","https://images.squarespace-cdn.com/content/v1/686343550b484e68bb6fa9e8/e015529b-7bc9-4508-b755-0a10f5efe014/F221B2F7-2C2A-4B17-BA3F-246143129E6D.jpg https://images.squarespace-cdn.com/content/v1/686343550b484e68bb6fa9e8/b385fe83-5e38-44b5-939a-558c9830e3c7/D1BA72A1-34C6-48D4-9EB1-8D7876ED6336.jpg https://images.squarespace-cdn.com/content/v1/686343550b484e68bb6fa9e8/fa6f99f6-0d05-4c2b-971f-1eb0bf0a8c32/875B53BA-76BF-452A-8660-D428DB63824A.jpg https://images.squarespace-cdn.com/content/v1/686343550b484e68bb6fa9e8/f8e04da0-f929-456f-8689-664b64db5ac7/401ADC7A-0042-4628-92F2-DD096BE9BBEE.jpg https://images.squarespace-cdn.com/content/v1/686343550b484e68bb6fa9e8/fd1730e6-aa12-4536-9549-f7e503a32a31/CC48058C-CFEF-4F55-AF69-345CDD21001A.jpg"
"","550ccb45-72d1-4d76-acef-13db83e252f0","","","","","","SQ9102660","","","Size","8","","","","","","","","","","","300.00","0.00","No","Unlimited","","","0.0","0.0","0.0","0.0","",""
"","ade52268-f346-4f9e-aa01-b9ceb9811958","","","","","","SQ7545900","","","Size","9","","","","","","","","","","","310.00","0.00","No","Unlimited","","","0.0","0.0","0.0","0.0","",""
"","7f61847b-7066-4e2d-ba68-f57033ee5e3d","","","","","","SQ7969746","","","Size","10","","","","","","","","","","","320.00","0.00","No","Unlimited","","","0.0","0.0","0.0","0.0","",""
"","233199b8-763c-4616-bb9a-a4897ecf90f8","","","","","","SQ4946390","","","Size","11","","","","","","","","","","","330.00","0.00","No","Unlimited","","","0.0","0.0","0.0","0.0","",""
"","5b689c94-e02c-48b4-93a1-2fbb5e1b7891","","","","","","SQ4530720","","","Size","12","","","","","","","","","","","340.00","0.00","No","Unlimited","","","0.0","0.0","0.0","0.0","",""
"686343ad02ad0d132675feb9","7892ee7c-9ab7-47c8-ab2f-ebdf4e201c26","PHYSICAL","shop","product-4-9e76d-pr6ls-5tznn-wdzn6","drippy honey | MADE TO ORDER*","<p style=""white-space:pre-wrap;"" data-rte-preserve-empty=""true"">melted claws holding a cast in place, cubic zirconia in 925 sterling silver.</p><p style=""white-space:pre-wrap;"" data-rte-preserve-empty=""true"">*made to order in different colours and sizes, gold or gold plated available upon request, feel free to submit as a custom order request — prices vary.</p>","SQ9478589","","","","","","","","","","","","","","","275.00","191.25","No","Unlimited","","","0.0","0.0","0.0","0.0","Yes","https://images.squarespace-cdn.com/content/v1/686343550b484e68bb6fa9e8/1757099798501-87X102CKMUB9GWL8J6UH/BF47E07A-41A5-404D-B919-90108E5B3B68.jpeg https://images.squarespace-cdn.com/content/v1/686343550b484e68bb6fa9e8/1757099797766-21XFYWI8TVJPGAHXWOXT/81BCD1FD-CD6B-4DF0-8E1E-B817D1B592FC.jpeg https://images.squarespace-cdn.com/content/v1/686343550b484e68bb6fa9e8/1757099798293-H3J8LKHSK95R085G3W84/A32C8697-A9C0-432C-8676-7734EB0DC0F5.jpeg https://images.squarespace-cdn.com/content/v1/686343550b484e68bb6fa9e8/1757099796655-DRWZCDXZ7A9LVMCUW9Y3/036EE5C1-0DA8-4580-BD53-400BF14C9244.jpeg https://images.squarespace-cdn.com/content/v1/686343550b484e68bb6fa9e8/1757099796595-6NWOF9P7SFCA38KT1LIS/0DB512FF-B6F3-40E4-830B-DC5AE3917B8F.jpeg"
"686343ad02ad0d132675fedb","4b7e2a9c-8530-4117-b3a5-cee36894689b","PHYSICAL","shop","product-5-f98ry-4ll53-pbaad-6mblk","toad ring | MADE TO ORDER*","<p>bumpy texture with cast in place cubic zirconia, choose ring size and stone colour.</p>","SQ0754767","","","Size","6","","","","","","","","","","","90.00","0.00","No","Unlimited","","","0.0","0.0","0.0","0.0","Yes","https://images.squarespace-cdn.com/content/v1/686343550b484e68bb6fa9e8/1757100200095-315NW3DZU4B93AZI6YPW/AF8FEAA1-2903-4C08-AF5E-60FADB245A7A.jpeg https://images.squarespace-cdn.com/content/v1/686343550b484e68bb6fa9e8/1757100199723-AX11O2YXCE9N3W8BU6XJ/BC845D7B-B0C3-4EA9-8F7A-431D07ED5702.jpeg https://images.squarespace-cdn.com/content/v1/686343550b484e68bb6fa9e8/1757100225230-QA1JEZ0SJBMTENU1PO2M/4EF40D0B-A937-4657-BEB4-F515926A6C87.jpeg https://images.squarespace-cdn.com/content/v1/686343550b484e68bb6fa9e8/1757100225751-MACT5HSHZQ05X5BJK2RV/B83111D5-A8FB-4816-BA65-2256FCF023FB.jpeg https://images.squarespace-cdn.com/content/v1/686343550b484e68bb6fa9e8/1757100226314-F7RFSFWEWB5B2QVR5BLS/29CD6CAC-976B-40BF-9BDD-42FE143720A8.jpeg https://images.squarespace-cdn.com/content/v1/686343550b484e68bb6fa9e8/1757100199334-JC3976MGA5YUPJHA5G3S/9D3A18A7-6A59-402C-BA67-6A4B4908048D.jpeg"
"","b4887ae5-5349-41f4-8f89-b6e92d731449","","","","","","SQ3077146","","","Size","6.5","","","","","","","","","","","95.00","0.00","No","Unlimited","","","0.0","0.0","0.0","0.0","",""
"","d4b030dd-f338-4d42-8d02-38f7c64901a1","","","","","","SQ8805742","","","Size","7","","","","","","","","","","","100.00","0.00","No","Unlimited","","","0.0","0.0","0.0","0.0","",""
"","5d051400-ff33-4f87-a435-4779b4e2a68b","","","","","","SQ3144429","","","Size","7.5","","","","","","","","","","","105.00","0.00","No","Unlimited","","","0.0","0.0","0.0","0.0","",""
"","0bbd8d88-be87-44eb-8429-0fff2ba971b9","","","","","","SQ3197245","","","Size","8","","","","","","","","","","","110.00","0.00","No","Unlimited","","","0.0","0.0","0.0","0.0","",""
"","900ac45f-a953-45ad-876c-cfaf365aff7e","","","","","","SQ0855706","","","Size","8.5","","","","","","","","","","","115.00","0.00","No","Unlimited","","","0.0","0.0","0.0","0.0","",""
"","68b0b551-0ec7-4855-8b01-4c3d0ce8daa2","","","","","","SQ6882491","","","Size","9","","","","","","","","","","","120.00","0.00","No","Unlimited","","","0.0","0.0","0.0","0.0","",""
"","59fc93a5-ad74-4013-be2c-ee9468289615","","","","","","SQ1379072","","","Size","9.5","","","","","","","","","","","125.00","0.00","No","Unlimited","","","0.0","0.0","0.0","0.0","",""
"","1601a47f-fde5-4bf5-9680-3c36451cb595","","","","","","SQ3836008","","","Size","10","","","","","","","","","","","130.00","0.00","No","Unlimited","","","0.0","0.0","0.0","0.0","",""
"","13ac6b6b-332d-42c6-9cc4-3c5fdbeb47ca","","","","","","SQ4234561","","","Size","10.5","","","","","","","","","","","135.00","0.00","No","Unlimited","","","0.0","0.0","0.0","0.0","",""
"","eae3b2c4-f150-4b95-a113-d64422057385","","","","","","SQ7775809","","","Size","11","","","","","","","","","","","140.00","0.00","No","Unlimited","","","0.0","0.0","0.0","0.0","",""
"686343ad02ad0d132675febd","6e15a759-2cd7-402b-bb86-a463b15dcbed","PHYSICAL","shop","product-6-yrdld-pcpw6-t3kp7-fdcwe","tri boulder opal sz 9","<p>(imperfect) bezel set Boulder opal from Australia, really pretty green and purple glints, can be worn 2 ways and it’s great for stacking!</p>","SQ5266401","","","","","","","","","","","","","","","180.00","180.00","No","Unlimited","","opal, boulder opal","1.0","9.0","5.0","2.0","Yes","https://images.squarespace-cdn.com/content/v1/686343550b484e68bb6fa9e8/1755056947540-K92FV69R175LECJBIH9K/A43A3E94-3523-43F6-9B16-85A8658E440F.jpeg https://images.squarespace-cdn.com/content/v1/686343550b484e68bb6fa9e8/1755057027672-HQV8QF0IWE0F11D0BWLA/9FCA7523-B1C8-4078-BC9C-972F85C3843F.jpeg https://images.squarespace-cdn.com/content/v1/686343550b484e68bb6fa9e8/1755056912151-4FF15WK2L91GGLLR6DGW/002669A4-9353-4630-BD41-6B7A19A8C241.jpeg https://images.squarespace-cdn.com/content/v1/686343550b484e68bb6fa9e8/ca87f7ad-bb9b-486f-8a6e-21b460f241ca/FA5249C7-F847-4BA0-ACAC-72450902987B.jpg"
"68951f5c33167255891e33ae","cf6760a5-0d3d-4aae-af70-c96fcb9616dc","PHYSICAL","shop","zg3idrj6agsfr28g6adocbadcgvkho","mirrored teardrop ring sz 7","<p>textured silver ring with an Australian doublet Opal bordered by two clear *cubic zirconia marquise stones (cast in place)</p><p>*CUBIC ZIRCONIAS CRACKED, this sometimes happens when stones are cast in place. They are secure, just imperfect!</p>","SQ0691670","","","","","","","","","","","","","","","175.00","127.50","No","Unlimited","","opal, cubic zirconia, ring, statement ring, fairy ring","2.0","9.0","5.0","2.0","No","https://images.squarespace-cdn.com/content/v1/686343550b484e68bb6fa9e8/1754603626880-CH75F0UWPMG0YG5V41NO/9D152128-2FAC-49CF-A941-CD7353E72961.jpeg https://images.squarespace-cdn.com/content/v1/686343550b484e68bb6fa9e8/1754603622071-ALH09T31AXN8A4DSV760/68D1813B-7C4B-4D4D-8157-ABA62C86A4BA.jpeg https://images.squarespace-cdn.com/content/v1/686343550b484e68bb6fa9e8/1754603617795-92B5TF1416O5GQ0NK7R7/2887A2F0-A81E-4758-AC5D-C24F4383730D.jpeg https://images.squarespace-cdn.com/content/v1/686343550b484e68bb6fa9e8/1754603618485-H5ZCFFWVNX7XNTITQZL3/98407A4F-506A-4617-B2BF-5CC651CC2E8E.jpeg https://images.squarespace-cdn.com/content/v1/686343550b484e68bb6fa9e8/1754603624878-AF4URWBFC02DD57VVKQC/7ADEB88D-9AA3-43F8-8420-058C45CE3706.jpeg"
